"annotation_id","annotator","choice","created_at","id","image","lead_time","updated_at"

1,"1","Sensitive","2023-09-19T14:53:45.965682Z",1,"/data/upload/1/6ba74cc4-Q_017042.jpg",44.225,"2023-09-19T14:53:45.965682Z"

2,"1","Sensitive","2023-09-19T14:53:52.546617Z",2,"/data/upload/1/fff0566a-Q_017043.jpg",11.308,"2023-09-19T14:54:01.018338Z"

3,"1","Sensitive","2023-09-19T14:54:22.608619Z",3,"/data/upload/1/09a00c2d-Q_017044.jpg",61.141999999999996,"2023-09-26T14:33:31.759760Z"

4,"1","Dubious","2023-09-19T14:55:19.854238Z",4,"/data/upload/1/613fc759-Q_017045.jpg",100.02000000000001,"2023-10-03T11:00:38.615262Z"

5,"1","Not-sensitive","2023-09-19T14:55:26.779273Z",5,"/data/upload/1/9cdb6487-Q_017046.jpg",6.623,"2023-09-19T14:55:26.779273Z"

6,"1","Not-sensitive","2023-09-19T14:55:34.652819Z",6,"/data/upload/1/8b1f3c71-Q_017047.jpg",7.56,"2023-09-19T14:55:34.652819Z"

7,"1","Dubious","2023-09-19T14:56:44.406467Z",7,"/data/upload/1/4b8f8da4-Q_017048.jpg",22.745,"2023-10-03T11:01:09.106428Z"

8,"1","Dubious","2023-09-19T14:56:56.382293Z",8,"/data/upload/1/025f7c8f-Q_017049.jpg",10.135,"2023-10-03T11:01:13.528450Z"

9,"1","Not-sensitive","2023-09-19T14:57:32.993555Z",9,"/data/upload/1/ec47487c-Q_017050.jpg",28.757,"2023-09-19T15:01:33.726848Z"

10,"1","Sensitive","2023-09-19T14:57:59.076998Z",10,"/data/upload/1/3575c246-Q_017052.jpg",25.747,"2023-09-19T14:57:59.076998Z"

11,"1","Sensitive","2023-09-19T14:58:12.243365Z",11,"/data/upload/1/195b8c50-Q_017053.jpg",12.86,"2023-09-19T14:58:12.243365Z"

12,"1","Sensitive","2023-09-19T14:58:15.528716Z",12,"/data/upload/1/19b9e360-Q_017054.jpg",2.976,"2023-09-19T14:58:15.528716Z"

13,"1","Sensitive","2023-09-19T14:58:19.264121Z",13,"/data/upload/1/e6880211-Q_017055.jpg",3.431,"2023-09-19T14:58:19.264121Z"

14,"1","Sensitive","2023-09-19T14:58:36.950031Z",14,"/data/upload/1/d78f8042-Q_017056.jpg",17.359,"2023-09-19T14:58:36.950031Z"

15,"1","Sensitive","2023-09-19T14:58:45.247611Z",15,"/data/upload/1/79ac9b71-Q_017057.jpg",7.996,"2023-09-19T14:58:45.247611Z"

16,"1","Not-sensitive","2023-09-19T14:58:48.866459Z",16,"/data/upload/1/e90f17e5-Q_017058.jpg",3.33,"2023-09-19T14:58:48.866459Z"

17,"1","Sensitive","2023-09-19T14:58:54.193574Z",17,"/data/upload/1/4dfe9b96-Q_017059.jpg",5.004,"2023-09-19T14:58:54.193574Z"

18,"1","Sensitive","2023-09-19T14:59:44.115073Z",18,"/data/upload/1/14130035-Q_017060.jpg",53.105,"2023-09-19T15:01:25.203772Z"

19,"1","Not-sensitive","2023-09-19T14:59:52.203528Z",19,"/data/upload/1/b04f2070-Q_017061.jpg",7.775,"2023-09-19T14:59:52.203528Z"

20,"1","Not-sensitive","2023-09-19T15:00:05.215784Z",20,"/data/upload/1/6b0fd8d1-Q_017062.jpg",12.692,"2023-09-19T15:00:05.215784Z"

21,"1","Sensitive","2023-09-19T15:01:07.730373Z",21,"/data/upload/1/ee95ec48-Q_017063.jpg",2.07,"2023-09-19T15:01:07.730373Z"

22,"1","Sensitive","2023-09-19T15:02:10.558165Z",22,"/data/upload/1/586fd674-Q_017064.jpg",8.417,"2023-09-19T15:02:10.558165Z"

23,"1","Not-sensitive","2023-09-19T15:02:23.517191Z",23,"/data/upload/1/d9178683-Q_017065.jpg",9.113,"2023-09-19T15:02:23.517191Z"

24,"1","Not-sensitive","2023-09-19T15:02:36.509411Z",24,"/data/upload/1/2541580f-Q_017066.jpg",8.03,"2023-09-19T15:02:36.509411Z"

25,"1","Not-sensitive","2023-09-19T15:02:44.581184Z",25,"/data/upload/1/7e224f26-Q_017067.jpg",4.386,"2023-09-19T15:02:44.581184Z"

26,"1","Not-sensitive","2023-09-19T15:02:55.992861Z",26,"/data/upload/1/2d20e9e7-Q_017068.jpg",5.133,"2023-09-19T15:02:55.992861Z"

27,"1","Not-sensitive","2023-09-19T15:03:07.931539Z",27,"/data/upload/1/164e9e6f-Q_017069.jpg",7.259,"2023-09-19T15:03:07.931539Z"

31,"1","Not-sensitive","2023-09-20T09:40:04.229858Z",28,"/data/upload/1/deb50fe8-Q_017070.jpg",64.818,"2023-09-20T09:40:04.229858Z"

32,"1","Sensitive","2023-09-26T14:30:29.749771Z",29,"/data/upload/1/8a457c80-Q_017071.jpg",7.479,"2023-09-26T14:31:44.148313Z"

33,"1","Not-sensitive","2023-09-26T14:30:49.269277Z",30,"/data/upload/1/5f2712fe-Q_017072.jpg",20.479000000000003,"2023-09-26T14:31:47.353012Z"

34,"1","Sensitive","2023-09-26T14:31:00.312035Z",31,"/data/upload/1/73921d26-Q_017073.jpg",11.195,"2023-09-26T14:31:49.594597Z"

35,"1","Sensitive","2023-09-26T14:31:08.523693Z",32,"/data/upload/1/6f02179d-Q_017074.jpg",10.756,"2023-10-05T13:16:55.648851Z"

36,"1","Sensitive","2023-09-26T14:31:20.298763Z",33,"/data/upload/1/4cdfce21-Q_017075.jpg",11.654,"2023-09-26T14:31:53.649654Z"

37,"1","Not-sensitive","2023-09-26T14:31:26.517135Z",34,"/data/upload/1/3864f060-Q_017076.jpg",6.587,"2023-09-26T14:31:55.407939Z"

38,"1","Not-sensitive","2023-09-26T14:38:26.451707Z",35,"/data/upload/1/61129942-Q_017077.jpg",75.701,"2023-09-28T12:19:10.153397Z"

39,"1","Not-sensitive","2023-09-26T14:44:10.008135Z",36,"/data/upload/1/2ecbd425-Q_017078.jpg",9.012,"2023-09-26T14:44:10.008135Z"

40,"1","Not-sensitive","2023-09-26T14:44:29.210851Z",37,"/data/upload/1/a61a243c-Q_017079.jpg",18.822,"2023-09-26T14:44:29.210851Z"

41,"1","Not-sensitive","2023-09-26T14:45:09.553623Z",38,"/data/upload/1/32b739c0-Q_017080.jpg",149.777,"2023-09-28T12:21:30.265280Z"

42,"1","Not-sensitive","2023-09-26T14:45:21.875175Z",39,"/data/upload/1/845861d7-Q_017081.jpg",11.91,"2023-09-26T14:45:21.875175Z"

43,"1","Sensitive","2023-09-26T14:46:20.697921Z",40,"/data/upload/1/d215b848-Q_017082.jpg",58.417,"2023-09-26T14:46:20.697921Z"

44,"1","Not-sensitive","2023-09-26T14:46:34.792739Z",41,"/data/upload/1/d045fe6d-Q_017084.jpg",13.689,"2023-09-26T14:46:34.792739Z"

45,"1","Not-sensitive","2023-09-26T14:46:44.770250Z",42,"/data/upload/1/c1d6e095-Q_017085.jpg",9.285,"2023-09-26T14:46:44.770250Z"

46,"1","Sensitive","2023-09-26T14:47:07.720227Z",43,"/data/upload/1/083aa02c-Q_017086.jpg",22.557,"2023-09-26T14:47:07.720227Z"

47,"1","Not-sensitive","2023-09-26T14:47:19.548073Z",44,"/data/upload/1/c061a012-Q_017087.jpg",11.097,"2023-09-26T14:47:19.548073Z"

48,"1","Not-sensitive","2023-09-26T14:47:24.441884Z",45,"/data/upload/1/d1a4d8a2-Q_017088.jpg",4.503,"2023-09-26T14:47:24.441884Z"

49,"1","Not-sensitive","2023-09-26T14:47:34.469303Z",46,"/data/upload/1/ead52a73-Q_017089.jpg",9.332,"2023-09-26T14:47:34.469303Z"

50,"1","Dubious","2023-09-26T14:49:11.201679Z",47,"/data/upload/1/53a95a96-Q_017090.jpg",246.09,"2023-10-05T13:17:59.358243Z"

51,"1","Not-sensitive","2023-09-26T14:49:21.466555Z",48,"/data/upload/1/5e2ab098-Q_017091.jpg",9.529,"2023-09-26T14:49:21.466555Z"

52,"1","Sensitive","2023-09-26T14:49:27.021738Z",49,"/data/upload/1/11307e4d-Q_017092.jpg",5.181,"2023-09-26T14:49:27.021738Z"

53,"1","Not-sensitive","2023-09-26T14:49:50.485508Z",50,"/data/upload/1/335297a4-Q_017093.jpg",22.773,"2023-09-26T14:49:50.485508Z"

54,"1","Not-sensitive","2023-09-26T15:08:18.022361Z",51,"/data/upload/1/2877f158-Q_017094.jpg",1106.81,"2023-09-26T15:08:18.022361Z"

55,"1","Not-sensitive","2023-09-26T15:08:46.211932Z",52,"/data/upload/1/0150903a-Q_017095.jpg",27.806,"2023-09-26T15:08:46.211932Z"

56,"1","Sensitive","2023-09-26T15:09:49.557707Z",53,"/data/upload/1/e26b4cb9-Q_017096.jpg",371.03,"2023-09-28T12:33:24.117799Z"

57,"1","Not-sensitive","2023-09-26T15:10:20.471265Z",54,"/data/upload/1/309a2e27-Q_017097.jpg",30.15,"2023-09-26T15:10:20.471265Z"

58,"1","Sensitive","2023-09-26T15:11:06.407051Z",55,"/data/upload/1/2553e1c6-Q_017098.jpg",45.6,"2023-09-26T15:11:06.407051Z"

59,"1","Sensitive","2023-09-26T15:11:19.462926Z",56,"/data/upload/1/2d7eb582-Q_017099.jpg",12.429,"2023-09-26T15:11:19.462926Z"

60,"1","Not-sensitive","2023-09-26T15:11:31.126812Z",57,"/data/upload/1/39ea8227-Q_017100.jpg",11.349,"2023-09-26T15:11:31.126812Z"

61,"1","Sensitive","2023-09-26T15:13:32.275292Z",58,"/data/upload/1/a6d55099-Q_017101.jpg",120.823,"2023-09-26T15:13:32.275292Z"

62,"1","Not-sensitive","2023-09-26T15:13:49.507191Z",59,"/data/upload/1/c32f02bc-Q_017102.jpg",16.594,"2023-09-26T15:13:49.507191Z"

63,"1","Not-sensitive","2023-09-26T15:14:10.289364Z",60,"/data/upload/1/b399ef9d-Q_017103.jpg",20.481,"2023-09-26T15:14:10.289364Z"

64,"1","Sensitive","2023-09-26T15:14:16.557178Z",61,"/data/upload/1/67e2936d-Q_017104.jpg",5.658,"2023-09-26T15:14:16.557178Z"

65,"1","Dubious","2023-09-26T15:14:28.076716Z",62,"/data/upload/1/3a990fda-Q_017105.jpg",28.857,"2023-10-05T13:20:04.946696Z"

66,"1","Not-sensitive","2023-09-26T15:14:37.338075Z",63,"/data/upload/1/6525c1cc-Q_017106.jpg",8.653,"2023-09-26T15:14:37.338075Z"

67,"1","Not-sensitive","2023-09-26T15:14:46.885894Z",64,"/data/upload/1/23345c9c-Q_017107.jpg",9.244,"2023-09-26T15:14:46.885894Z"

68,"1","Dubious","2023-09-26T15:15:03.804936Z",65,"/data/upload/1/947488ea-Q_017108.jpg",104.62400000000001,"2023-10-05T13:20:22.282566Z"

69,"1","Not-sensitive","2023-09-26T15:16:37.798861Z",66,"/data/upload/1/d6a3c8ed-Q_017109.jpg",24.076,"2023-09-26T15:16:37.798861Z"

70,"1","Not-sensitive","2023-09-26T15:16:48.905436Z",67,"/data/upload/1/f1ea18b1-Q_017110.jpg",10.766,"2023-09-26T15:16:48.905436Z"

71,"1","Dubious","2023-09-26T15:17:12.556509Z",68,"/data/upload/1/8eb1cf0a-Q_017111.jpg",178.33,"2023-10-05T13:20:50.856267Z"

72,"1","Sensitive","2023-09-26T15:17:30.185746Z",69,"/data/upload/1/b468947e-Q_017112.jpg",17.323,"2023-09-26T15:17:30.185746Z"

73,"1","Not-sensitive","2023-09-26T15:17:42.457152Z",70,"/data/upload/1/ce7a10a4-Q_017113.jpg",11.647,"2023-09-26T15:17:42.457152Z"

74,"1","Sensitive","2023-09-26T15:17:59.146115Z",71,"/data/upload/1/def205f6-Q_017114.jpg",24.863,"2023-10-05T13:21:17.866626Z"

75,"1","Not-sensitive","2023-09-26T15:18:53.249954Z",72,"/data/upload/1/bfc43176-Q_017115.jpg",53.802,"2023-09-26T15:18:53.249954Z"

76,"1","Not-sensitive","2023-09-26T15:19:05.072999Z",73,"/data/upload/1/60c9ead0-Q_017116.jpg",11.521,"2023-09-26T15:19:05.072999Z"

77,"1","Not-sensitive","2023-09-26T15:19:16.351587Z",74,"/data/upload/1/3a549435-Q_017117.jpg",10.682,"2023-09-26T15:19:16.351587Z"

78,"1","Not-sensitive","2023-09-26T15:19:37.570145Z",75,"/data/upload/1/825cb96d-Q_017118.jpg",20.907,"2023-09-26T15:19:37.570145Z"

79,"1","Dubious","2023-09-26T15:20:40.574631Z",76,"/data/upload/1/b0b97a16-Q_017119.jpg",142.03699999999998,"2023-10-05T13:21:41.030796Z"

80,"1","Sensitive","2023-09-26T15:20:46.117947Z",77,"/data/upload/1/e5a479f2-Q_017120.jpg",5.241,"2023-09-26T15:20:46.117947Z"

29,"1","Sensitive","2023-09-20T08:59:00.674439Z",78,"/data/upload/1/af0a9a5a-Q_017121.jpg",28.186,"2023-10-05T13:21:56.021595Z"

81,"1","Sensitive","2023-09-26T15:21:08.810023Z",79,"/data/upload/1/f91cc09e-Q_017122.jpg",22.062,"2023-09-26T15:21:08.810023Z"

28,"1","Not-sensitive","2023-09-20T08:58:54.187243Z",80,"/data/upload/1/b84160ec-Q_017123.jpg",18.018,"2023-09-20T08:58:54.187243Z"

82,"1","Sensitive","2023-09-26T15:22:16.454990Z",81,"/data/upload/1/50c343e2-Q_017124.jpg",119.208,"2023-09-28T12:46:11.891949Z"

83,"1","Sensitive","2023-09-26T15:22:28.357384Z",82,"/data/upload/1/8592fee7-Q_017125.jpg",21.691,"2023-10-05T13:22:18.863115Z"

84,"1","Not-sensitive","2023-09-26T15:23:09.533483Z",83,"/data/upload/1/b0b90c74-Q_017126.jpg",107.226,"2023-09-28T12:47:21.906508Z"

85,"1","Not-sensitive","2023-09-26T15:28:14.125316Z",84,"/data/upload/1/33376ce7-Q_017127.jpg",14.272,"2023-09-26T15:28:14.125316Z"

86,"1","Not-sensitive","2023-09-26T15:28:22.102182Z",85,"/data/upload/1/98a14eee-Q_017128.jpg",7.542,"2023-09-26T15:28:22.102182Z"

30,"1","Sensitive","2023-09-20T08:59:14.322293Z",86,"/data/upload/1/c77c13e3-Q_017129.jpg",4.103,"2023-09-20T08:59:14.323293Z"

87,"1","Not-sensitive","2023-09-26T15:32:02.426590Z",87,"/data/upload/1/9bcabd08-Q_017130.jpg",232.809,"2023-09-28T12:47:47.797247Z"

88,"1","Sensitive","2023-09-26T15:32:18.118889Z",88,"/data/upload/1/03276f67-Q_017131.jpg",69.178,"2023-09-28T12:48:52.207725Z"

89,"1","Not-sensitive","2023-09-26T15:32:27.316674Z",89,"/data/upload/1/80485174-Q_017132.jpg",8.877,"2023-09-26T15:32:27.316674Z"

90,"1","Sensitive","2023-09-26T15:32:51.028875Z",90,"/data/upload/1/94476e5d-Q_017133.jpg",23.084,"2023-09-26T15:32:51.028875Z"

91,"1","Not-sensitive","2023-09-26T15:33:02.052190Z",91,"/data/upload/1/e1e57c81-Q_017134.jpg",10.71,"2023-09-26T15:33:02.052190Z"

92,"1","Not-sensitive","2023-09-26T15:33:13.386504Z",92,"/data/upload/1/3a68b53e-Q_017135.jpg",10.715,"2023-09-26T15:33:13.386504Z"

93,"1","Not-sensitive","2023-09-26T15:33:43.071608Z",93,"/data/upload/1/d15d1768-Q_017136.jpg",29.375,"2023-09-26T15:33:43.072607Z"

94,"1","Not-sensitive","2023-09-26T15:33:47.683300Z",94,"/data/upload/1/e49a7d34-Q_017137.jpg",3.97,"2023-09-26T15:33:47.683300Z"

95,"1","Not-sensitive","2023-09-26T15:33:58.173142Z",95,"/data/upload/1/2f2e630a-Q_032947.jpg",10.176,"2023-09-26T15:33:58.173142Z"

96,"1","Not-sensitive","2023-09-26T15:34:09.569914Z",96,"/data/upload/1/ec2811a8-Q_032948.jpg",11.094,"2023-09-26T15:34:09.569914Z"

97,"1","Not-sensitive","2023-09-26T15:34:27.708265Z",97,"/data/upload/1/284338b3-Q_032949.jpg",17.825,"2023-09-26T15:34:27.708265Z"

98,"1","Not-sensitive","2023-09-26T15:34:38.860580Z",98,"/data/upload/1/ef615e9d-Q_032950.jpg",10.543,"2023-09-26T15:34:38.861581Z"

99,"1","Sensitive","2023-09-26T15:34:46.225532Z",99,"/data/upload/1/b5a6cc78-Q_032951.jpg",7.067,"2023-09-26T15:34:46.225532Z"

100,"1","Dubious","2023-09-26T15:34:55.484416Z",100,"/data/upload/1/a1274416-Q_032952.jpg",11.835,"2023-10-05T13:23:57.126134Z"

101,"1","Sensitive","2023-09-26T15:35:08.650626Z",101,"/data/upload/1/6130e41e-Q_032953.jpg",12.845,"2023-09-26T15:35:08.650626Z"

102,"1","Not-sensitive","2023-09-26T15:35:20.177732Z",102,"/data/upload/1/ff1d33e7-Q_032954.jpg",11.215,"2023-09-26T15:35:20.177732Z"

103,"1","Not-sensitive","2023-09-26T15:35:25.176696Z",103,"/data/upload/1/8371bf9b-Q_032955.jpg",4.696,"2023-09-26T15:35:25.176696Z"

104,"1","Not-sensitive","2023-09-26T15:35:29.555315Z",104,"/data/upload/1/bc8a77c7-Q_032956.jpg",4.078,"2023-09-26T15:35:29.555315Z"

105,"1","Not-sensitive","2023-09-26T15:35:33.702690Z",105,"/data/upload/1/67be2a66-Q_032957.jpg",3.848,"2023-09-26T15:35:33.702690Z"

106,"1","Not-sensitive","2023-09-26T15:35:39.956089Z",106,"/data/upload/1/74eebbc2-Q_032958.jpg",5.878,"2023-09-26T15:35:39.956089Z"

107,"1","Not-sensitive","2023-09-26T15:35:44.853669Z",107,"/data/upload/1/0a474409-Q_032959.jpg",4.592,"2023-09-26T15:35:44.853669Z"

108,"1","Not-sensitive","2023-09-26T15:35:48.790202Z",108,"/data/upload/1/17a67135-Q_032960.jpg",3.633,"2023-09-26T15:35:48.790202Z"

109,"1","Sensitive","2023-09-26T15:36:50.571509Z",109,"/data/upload/1/ce0ebfde-Q_032961.jpg",104.363,"2023-09-28T12:51:54.276535Z"

110,"1","Not-sensitive","2023-09-26T15:37:00.324687Z",110,"/data/upload/1/1438c921-Q_052368.jpg",9.452,"2023-09-26T15:37:00.324687Z"

111,"1","Dubious","2023-09-26T15:37:23.791238Z",111,"/data/upload/1/0764e574-Q_052369.jpg",26.580000000000002,"2023-10-05T13:30:11.400037Z"

112,"1","Dubious","2023-09-26T15:37:52.705443Z",112,"/data/upload/1/967d8e53-Q_052370.jpg",30.930999999999997,"2023-10-05T13:30:15.946462Z"

113,"1","Dubious","2023-09-26T15:37:57.704828Z",113,"/data/upload/1/5850045e-Q_052371.jpg",7.989000000000001,"2023-10-05T13:30:20.804583Z"

114,"1","Sensitive","2023-09-26T15:38:34.417061Z",114,"/data/upload/1/0809a93b-Q_052372.jpg",53.756,"2023-10-05T13:30:41.391578Z"

115,"1","Sensitive","2023-09-26T15:38:39.340779Z",115,"/data/upload/1/f581bd1e-Q_052373.jpg",4.616,"2023-09-26T15:38:39.340779Z"

116,"1","Sensitive","2023-09-26T15:38:46.901149Z",116,"/data/upload/1/be55118a-Q_052374.jpg",7.245,"2023-09-26T15:38:46.901149Z"

117,"1","Sensitive","2023-09-26T15:38:56.596973Z",117,"/data/upload/1/638aff40-Q_052375.jpg",9.373,"2023-09-26T15:38:56.597963Z"

118,"1","Sensitive","2023-09-26T15:40:07.772324Z",118,"/data/upload/1/8c037837-Q_052377.jpg",0.85,"2023-09-26T15:40:07.772324Z"

119,"1","Not-sensitive","2023-09-26T15:40:26.483734Z",119,"/data/upload/1/851a451e-Q_052378.jpg",18.418,"2023-09-26T15:40:26.483734Z"

120,"1","Sensitive","2023-09-26T15:40:39.519958Z",120,"/data/upload/1/9e6ff4b8-Q_052379.jpg",12.729,"2023-09-26T15:40:39.519958Z"

121,"1","Dubious","2023-09-26T15:41:00.391828Z",121,"/data/upload/1/36bd69a8-Q_052380.jpg",23.756,"2023-10-05T13:31:11.702176Z"

128,"1","Not-sensitive","2023-09-26T15:50:04.870237Z",122,"/data/upload/1/1314c0f3-Q_052381.jpg",12.843,"2023-09-26T15:50:04.870237Z"

129,"1","Not-sensitive","2023-09-26T15:50:08.511390Z",123,"/data/upload/1/25ad9503-Q_052382.jpg",3.348,"2023-09-26T15:50:08.511390Z"

130,"1","Not-sensitive","2023-09-26T15:50:25.277007Z",124,"/data/upload/1/246dd31d-Q_052383.jpg",16.138,"2023-09-26T15:50:25.277007Z"

131,"1","Not-sensitive","2023-09-26T15:50:34.996135Z",125,"/data/upload/1/bd24afa4-Q_052384.jpg",9.404,"2023-09-26T15:50:34.996135Z"

132,"1","Not-sensitive","2023-09-26T15:50:38.684501Z",126,"/data/upload/1/153567bf-Q_052387.jpg",3.36,"2023-09-26T15:50:38.684501Z"

133,"1","Not-sensitive","2023-09-26T15:50:42.147571Z",127,"/data/upload/1/8bc3c52f-Q_052388.jpg",3.15,"2023-09-26T15:50:42.147571Z"

134,"1","Not-sensitive","2023-09-26T15:51:10.717673Z",128,"/data/upload/1/9e847f4b-Q_052389.jpg",35.343,"2023-09-28T12:53:26.850792Z"

135,"1","Not-sensitive","2023-09-26T15:51:20.407958Z",129,"/data/upload/1/e83e0163-Q_052390.jpg",9.372,"2023-09-26T15:51:20.407958Z"

136,"1","Not-sensitive","2023-09-26T15:51:31.281440Z",130,"/data/upload/1/5b15a26f-Q_052391.jpg",10.259,"2023-09-26T15:51:31.281440Z"

137,"1","Not-sensitive","2023-09-26T15:52:10.842760Z",131,"/data/upload/1/2faa91b0-Q_052392.jpg",78.074,"2023-09-28T12:54:17.136200Z"

138,"1","Not-sensitive","2023-09-26T15:52:27.048429Z",132,"/data/upload/1/c6fe2de7-Q_052393.jpg",15.883,"2023-09-26T15:52:27.048429Z"

139,"1","Dubious","2023-09-26T15:52:51.536557Z",133,"/data/upload/1/6bea93de-Q_052394.jpg",26.799999999999997,"2023-10-05T13:31:50.285508Z"

140,"1","Not-sensitive","2023-09-26T15:53:04.101147Z",134,"/data/upload/1/e6c18de8-Q_052395.jpg",12.247,"2023-09-26T15:53:04.101147Z"

141,"1","Not-sensitive","2023-09-26T15:53:10.084516Z",135,"/data/upload/1/3b070e64-Q_052396.jpg",5.666,"2023-09-26T15:53:10.084516Z"

142,"1","Dubious","2023-09-26T15:53:14.822154Z",136,"/data/upload/1/edb9c1c1-Q_052397.jpg",17.715,"2023-10-05T13:32:11.329764Z"

143,"1","Not-sensitive","2023-09-26T15:53:33.596655Z",137,"/data/upload/1/7ba94e21-Q_052399.jpg",18.141,"2023-09-26T15:53:33.596655Z"

144,"1","Not-sensitive","2023-09-26T15:53:45.870929Z",138,"/data/upload/1/3e0b7fc9-Q_052400.jpg",11.959,"2023-09-26T15:53:45.870929Z"

145,"1","Sensitive","2023-09-26T15:54:30.086811Z",139,"/data/upload/1/b03847d2-Q_052401.jpg",134.793,"2023-09-28T12:56:00.329314Z"

146,"1","Not-sensitive","2023-09-26T15:54:39.765576Z",140,"/data/upload/1/5482abc3-Q_052402.jpg",9.359,"2023-09-26T15:54:39.765576Z"

147,"1","Not-sensitive","2023-09-26T15:54:45.355323Z",141,"/data/upload/1/acc3d196-Q_052403.jpg",4.968,"2023-09-26T15:54:45.355323Z"

148,"1","Not-sensitive","2023-09-26T15:54:50.704472Z",142,"/data/upload/1/0bdb9116-Q_052404.jpg",5.027,"2023-09-26T15:54:50.704472Z"

149,"1","Not-sensitive","2023-09-26T15:55:08.639721Z",143,"/data/upload/1/0f3f2a4a-Q_052405.jpg",17.617,"2023-09-26T15:55:08.639721Z"

150,"1","Not-sensitive","2023-09-26T15:55:15.511637Z",144,"/data/upload/1/7a7deec5-Q_052406.jpg",6.55,"2023-09-26T15:55:15.511637Z"

151,"1","Not-sensitive","2023-09-26T15:55:27.953033Z",145,"/data/upload/1/810a2ac3-Q_052407.jpg",11.814,"2023-09-26T15:55:27.953033Z"

152,"1","Not-sensitive","2023-09-26T15:55:32.446511Z",146,"/data/upload/1/dd3b7052-Q_052408.jpg",4.168,"2023-09-26T15:55:32.446511Z"

153,"1","Not-sensitive","2023-09-26T15:55:37.159382Z",147,"/data/upload/1/aec3a560-Q_052409.jpg",4.076,"2023-09-26T15:55:37.159382Z"

154,"1","Not-sensitive","2023-09-26T15:55:48.201947Z",148,"/data/upload/1/c6b44b5b-Q_052410.jpg",10.728,"2023-09-26T15:55:48.201947Z"

155,"1","Not-sensitive","2023-09-26T15:56:03.352460Z",149,"/data/upload/1/1078a54f-Q_052411.jpg",14.524,"2023-09-26T15:56:03.352460Z"

156,"1","Not-sensitive","2023-09-26T15:56:36.283681Z",150,"/data/upload/1/24e43710-Q_052412.jpg",32.565,"2023-09-26T15:56:36.283681Z"

157,"1","Not-sensitive","2023-09-26T15:56:41.209590Z",151,"/data/upload/1/34aaa679-Q_052413.jpg",4.291,"2023-09-26T15:56:41.209590Z"

158,"1","Not-sensitive","2023-09-26T15:56:45.551392Z",152,"/data/upload/1/3359d2c6-Q_052414.jpg",4.03,"2023-09-26T15:56:45.551392Z"

159,"1","Sensitive","2023-09-26T15:57:49.050693Z",153,"/data/upload/1/21e60690-Q_052415.jpg",97.602,"2023-09-28T12:57:04.903274Z"

160,"1","Sensitive","2023-09-26T15:58:21.214010Z",154,"/data/upload/1/fcbe543a-Q_052417.jpg",31.841,"2023-09-26T15:58:21.214010Z"

161,"1","Sensitive","2023-09-26T15:58:26.886663Z",155,"/data/upload/1/77ac382c-Q_052418.jpg",5.051,"2023-09-26T15:58:26.886663Z"

162,"1","Not-sensitive","2023-09-26T15:58:43.900667Z",156,"/data/upload/1/05ae26a3-Q_052419.jpg",16.676,"2023-09-26T15:58:43.900667Z"

163,"1","Not-sensitive","2023-09-26T15:58:48.565754Z",157,"/data/upload/1/60e9b13b-Q_052420.jpg",4.033,"2023-09-26T15:58:48.565754Z"

164,"1","Dubious","2023-09-26T16:00:13.401951Z",158,"/data/upload/1/bddcf413-Q_052421.jpg",101.34199999999998,"2023-10-05T13:33:31.691667Z"

165,"1","Sensitive","2023-09-26T16:00:20.935860Z",159,"/data/upload/1/ac569691-Q_052423.jpg",6.899,"2023-09-26T16:00:20.935860Z"

166,"1","Sensitive","2023-09-26T16:00:34.429624Z",160,"/data/upload/1/ae0e20d1-Q_052424.jpg",13.175,"2023-09-26T16:00:34.429624Z"

167,"1","Sensitive","2023-09-26T16:00:41.372239Z",161,"/data/upload/1/9a0881aa-Q_052425.jpg",6.317,"2023-09-26T16:00:41.372239Z"

168,"1","Sensitive","2023-09-26T16:00:48.494270Z",162,"/data/upload/1/7e7d7751-Q_052427.jpg",6.799,"2023-09-26T16:00:48.494270Z"

169,"1","Not-sensitive","2023-09-26T16:01:20.267701Z",163,"/data/upload/1/f4ee53e5-Q_052428.jpg",42.283,"2023-10-05T13:33:56.716809Z"

170,"1","Not-sensitive","2023-09-26T16:01:31.685809Z",164,"/data/upload/1/7a306a5c-Q_052430.jpg",25.894,"2023-10-05T13:34:15.891909Z"

171,"1","Sensitive","2023-09-26T16:01:52.406816Z",165,"/data/upload/1/7722c293-Q_052431.jpg",20.388,"2023-09-26T16:01:52.406816Z"

172,"1","Sensitive","2023-09-26T16:01:56.282148Z",166,"/data/upload/1/b62e2149-Q_052432.jpg",3.563,"2023-09-26T16:01:56.282148Z"

173,"1","Not-sensitive","2023-09-26T16:02:29.474967Z",167,"/data/upload/1/78b59517-Q_052433.jpg",60.969,"2023-09-28T13:00:20.592173Z"

174,"1","Not-sensitive","2023-09-26T16:02:42.532256Z",168,"/data/upload/1/0ecb5e75-Q_052434.jpg",12.71,"2023-09-26T16:02:42.532256Z"

175,"1","Sensitive","2023-09-26T16:03:51.117458Z",169,"/data/upload/1/fe3022a3-Q_052435.jpg",170.377,"2023-09-28T13:02:25.719897Z"

176,"1","Sensitive","2023-09-26T16:03:57.516809Z",170,"/data/upload/1/66916160-Q_052436.jpg",5.779,"2023-09-26T16:03:57.516809Z"

177,"1","Not-sensitive","2023-09-26T16:04:27.946205Z",171,"/data/upload/1/a608d7f7-Q_052437.jpg",40.846000000000004,"2023-10-05T13:35:07.228792Z"

178,"1","Dubious","2023-09-26T16:04:38.650204Z",172,"/data/upload/1/d76a4063-Q_052438.jpg",19.595,"2023-10-05T13:35:19.766201Z"

179,"1","Not-sensitive","2023-09-26T16:05:15.894860Z",173,"/data/upload/1/64e42b64-Q_052440.jpg",61.11,"2023-09-28T13:03:06.078153Z"

180,"1","Not-sensitive","2023-09-26T16:05:22.009398Z",174,"/data/upload/1/8fca76b8-Q_052441.jpg",5.494,"2023-09-26T16:05:22.009398Z"

181,"1","Not-sensitive","2023-09-26T16:05:57.071807Z",175,"/data/upload/1/77010ea7-Q_052442.jpg",34.741,"2023-09-26T16:05:57.071807Z"

182,"1","Not-sensitive","2023-09-26T16:06:30.722443Z",176,"/data/upload/1/15c48d27-Q_052443.jpg",60.0,"2023-09-28T13:03:50.868438Z"

183,"1","Not-sensitive","2023-09-26T16:06:39.334441Z",177,"/data/upload/1/190c5607-Q_052444.jpg",8.278,"2023-09-26T16:06:39.334441Z"

184,"1","Not-sensitive","2023-09-26T16:06:43.876635Z",178,"/data/upload/1/cf658d44-Q_052445.jpg",3.916,"2023-09-26T16:06:43.876635Z"

185,"1","Not-sensitive","2023-09-26T16:06:50.450418Z",179,"/data/upload/1/bd105d74-Q_052446.jpg",6.255,"2023-09-26T16:06:50.450418Z"

186,"1","Not-sensitive","2023-09-26T16:07:04.578329Z",180,"/data/upload/1/967134b7-Q_052447.jpg",13.495,"2023-09-26T16:07:04.578329Z"

187,"1","Not-sensitive","2023-09-26T16:07:19.430303Z",181,"/data/upload/1/16de617f-Q_052448.jpg",14.537,"2023-09-26T16:07:19.430303Z"

188,"1","Not-sensitive","2023-09-26T16:07:28.925867Z",182,"/data/upload/1/9c60e6c7-Q_052449.jpg",8.844,"2023-09-26T16:07:28.925867Z"

189,"1","Not-sensitive","2023-09-26T16:07:35.591572Z",183,"/data/upload/1/e94c6c10-Q_052450.jpg",6.35,"2023-09-26T16:07:35.591572Z"

190,"1","Sensitive","2023-09-26T16:07:44.047416Z",184,"/data/upload/1/c0a8f8ad-Q_052451.jpg",7.82,"2023-09-26T16:07:44.047416Z"

191,"1","Not-sensitive","2023-09-26T16:07:58.926202Z",185,"/data/upload/1/ca3b018c-Q_052452.jpg",14.553,"2023-09-26T16:07:58.927202Z"

192,"1","Not-sensitive","2023-09-26T16:08:12.901056Z",186,"/data/upload/1/960dad40-Q_052453.jpg",13.348,"2023-09-26T16:08:12.901056Z"

193,"1","Sensitive","2023-09-26T16:08:31.733400Z",187,"/data/upload/1/53e0784a-Q_052454.jpg",18.51,"2023-09-26T16:08:31.733400Z"

194,"1","Sensitive","2023-09-26T16:08:50.544831Z",188,"/data/upload/1/705f957a-Q_052455.jpg",18.18,"2023-09-26T16:08:50.544831Z"

195,"1","Sensitive","2023-09-26T16:08:55.407608Z",189,"/data/upload/1/cbf279b1-Q_052456.jpg",4.535,"2023-09-26T16:08:55.407608Z"

196,"1","Not-sensitive","2023-09-26T16:09:22.824390Z",190,"/data/upload/1/35460aa1-Q_052457.jpg",27.094,"2023-09-26T16:09:22.824390Z"

197,"1","Not-sensitive","2023-09-26T16:09:28.171269Z",191,"/data/upload/1/b9703530-Q_052458.jpg",5.003,"2023-09-26T16:09:28.171269Z"

198,"1","Sensitive","2023-09-26T16:09:44.194300Z",192,"/data/upload/1/7df5e78a-Q_052459.jpg",15.37,"2023-09-26T16:09:44.194300Z"

199,"1","Sensitive","2023-09-26T16:09:54.439624Z",193,"/data/upload/1/20dfe6c1-Q_052460.jpg",9.922,"2023-09-26T16:09:54.439624Z"

200,"1","Sensitive","2023-09-26T16:10:03.753591Z",194,"/data/upload/1/9730737c-Q_052461.jpg",16.886,"2023-10-05T13:36:50.239032Z"

201,"1","Not-sensitive","2023-09-26T16:10:27.352364Z",195,"/data/upload/1/5b0b6f66-Q_052462.jpg",23.3,"2023-09-26T16:10:27.352364Z"

202,"1","Sensitive","2023-09-26T16:10:39.927971Z",196,"/data/upload/1/6573719e-Q_052463.jpg",31.462,"2023-10-05T13:37:16.164102Z"

203,"1","Sensitive","2023-09-26T16:10:46.119657Z",197,"/data/upload/1/341844f4-Q_052464.jpg",5.867,"2023-09-26T16:10:46.119657Z"

204,"1","Sensitive","2023-09-26T16:10:50.707118Z",198,"/data/upload/1/150fbcf7-Q_052465.jpg",3.962,"2023-09-26T16:10:50.707118Z"

205,"1","Sensitive","2023-09-26T16:10:59.164375Z",199,"/data/upload/1/16b10b8e-Q_052466.jpg",15.464,"2023-10-05T13:37:31.830781Z"

